metric,mean,relerr,fom,time_s,batches
leak,862634,0.000638317,55594.3,44.1466,25
abs_water_analog,88166,0.0052945,808.076,44.1466,25
abs_steel_analog,49192,0.00539462,778.361,44.1466,25
abs_water_TLE,88154,0.00159619,8890.64,44.1466,25
abs_water_CFE,82257,0.00179223,7052.08,44.1466,25
cfe_tau_per_hist,49.8568,0.0152613,97.2569,44.1466,25
