metric,mean,relerr,fom,time_s,batches
leak,987002,0.000173537,1.99321e+06,16.6596,25
abs_water_analog,5156,0.0193975,159.532,16.6596,25
abs_steel_analog,7840,0.020448,143.561,16.6596,25
abs_water_TLE,0,0,0,16.6596,25
abs_water_CFE,15734.4,0.00466702,2755.86,16.6596,25
cfe_tau_per_hist,12.0273,0.028425,74.2911,16.6596,25
